date,kwh,temperature
2025-09-01,220.8,9.2
2025-09-02,220.5,10.2
2025-09-03,214.6,9.8
2025-09-04,214.4,10.3
2025-09-05,220.1,9.8
2025-09-06,183.6,11.6
2025-09-07,182.8,9.4
2025-09-08,219.7,10.4
2025-09-09,220.8,10.9
2025-09-10,214.9,10.5
2025-09-11,219.1,9.0
2025-09-12,219.8,9.1
2025-09-13,185.0,9.3
2025-09-14,180.8,12.4
2025-09-15,223.0,9.5
2025-09-16,219.1,12.9
2025-09-17,219.1,12.9
2025-09-18,217.3,11.6
2025-09-19,217.8,10.2
2025-09-20,188.1,12.5
2025-09-21,182.5,12.9
2025-09-22,222.5,11.6
2025-09-23,223.8,14.0
2025-09-24,220.6,11.5
2025-09-25,218.5,12.1
2025-09-26,219.4,13.7
2025-09-27,190.3,14.0
2025-09-28,187.9,11.7
2025-09-29,228.2,13.2
2025-09-30,226.4,12.2
2025-10-01,219.6,11.9
2025-10-02,220.3,13.9
2025-10-03,224.0,15.7
2025-10-04,188.0,15.1
2025-10-05,189.4,13.5
2025-10-06,228.2,13.3
2025-10-07,225.3,16.0
2025-10-08,221.1,16.9
2025-10-09,222.9,16.7
2025-10-10,224.3,15.5
2025-10-11,191.0,15.7
2025-10-12,187.1,16.4
2025-10-13,227.1,15.5
2025-10-14,228.6,16.6
2025-10-15,227.7,17.5
2025-10-16,223.5,16.3
2025-10-17,224.9,14.7
2025-10-18,194.5,15.7
2025-10-19,191.2,18.2
2025-10-20,227.2,16.6
2025-10-21,229.8,15.4
2025-10-22,228.9,15.7
2025-10-23,226.5,17.9
2025-10-24,225.8,16.9
2025-10-25,192.6,18.1
2025-10-26,189.8,16.4
2025-10-27,231.7,19.3
2025-10-28,228.1,19.0
2025-10-29,226.7,16.5
2025-10-30,228.7,17.6
2025-10-31,225.8,19.2
2025-11-01,196.7,19.9
2025-11-02,194.5,17.4
2025-11-03,232.9,18.6
2025-11-04,228.5,17.0
2025-11-05,229.8,19.8
2025-11-06,226.5,18.2
2025-11-07,228.9,17.3
2025-11-08,195.4,21.3
2025-11-09,193.7,21.4
2025-11-10,231.4,18.3
2025-11-11,231.9,18.9
2025-11-12,229.1,19.5
2025-11-13,228.4,20.7
2025-11-14,230.5,19.4
2025-11-15,200.6,19.5
2025-11-16,194.3,20.7
2025-11-17,234.8,20.7
2025-11-18,231.1,19.8
2025-11-19,229.6,19.9
2025-11-20,231.0,19.6
2025-11-21,230.1,21.6
2025-11-22,198.2,19.4
2025-11-23,194.3,19.2
2025-11-24,236.0,19.9
2025-11-25,233.6,20.7
2025-11-26,233.1,22.9
2025-11-27,232.8,21.1
2025-11-28,231.0,22.9
2025-11-29,200.4,22.9
2025-11-30,198.7,21.4
2025-12-01,234.4,22.2
2025-12-02,236.5,20.6
2025-12-03,232.1,22.0
2025-12-04,234.8,21.9
2025-12-05,236.1,23.4
2025-12-06,202.5,20.3
2025-12-07,194.6,20.8
2025-12-08,237.4,22.9
2025-12-09,237.0,24.2
2025-12-10,235.4,22.9
2025-12-11,234.7,23.8
2025-12-12,235.3,21.8
2025-12-13,201.5,24.0
2025-12-14,199.0,21.9
2025-12-15,240.7,23.1
2025-12-16,235.1,24.0
2025-12-17,232.1,22.1
2025-12-18,230.4,21.1
2025-12-19,236.3,23.7
2025-12-20,205.2,24.3
2025-12-21,198.4,23.7
2025-12-22,236.5,21.9
2025-12-23,234.6,21.1
2025-12-24,233.5,22.7
2025-12-25,234.3,23.8
2025-12-26,237.7,24.1
2025-12-27,201.2,23.6
2025-12-28,199.2,22.7
2025-12-29,239.0,22.8
2025-12-30,236.8,22.3
2025-12-31,234.1,21.6
2026-01-01,234.3,22.1
2026-01-02,236.6,23.2
2026-01-03,204.3,22.7
2026-01-04,197.3,21.0
2026-01-05,237.4,24.8
2026-01-06,235.0,24.5
2026-01-07,235.2,23.0
2026-01-08,232.2,24.2
2026-01-09,234.0,22.4
2026-01-10,202.1,23.7
2026-01-11,200.1,21.3
2026-01-12,242.6,23.9
2026-01-13,238.8,24.0
2026-01-14,236.1,24.0
2026-01-15,235.0,21.5
2026-01-16,234.3,21.1
2026-01-17,201.3,21.7
2026-01-18,200.9,23.3
2026-01-19,240.3,24.5
2026-01-20,235.1,22.1
2026-01-21,235.0,21.6
2026-01-22,237.0,22.6
2026-01-23,235.2,24.2
2026-01-24,206.7,21.4
2026-01-25,200.1,23.7
2026-01-26,242.6,23.0
2026-01-27,238.4,23.4
2026-01-28,234.8,22.1
2026-01-29,236.5,22.2
2026-01-30,238.1,22.2
2026-01-31,204.2,23.7
2026-02-01,202.8,22.9
2026-02-02,238.8,22.2
2026-02-03,238.9,23.1
2026-02-04,235.2,23.1
2026-02-05,233.8,23.0
2026-02-06,236.3,20.7
2026-02-07,204.0,22.6
2026-02-08,200.5,22.7
2026-02-09,240.9,19.7
2026-02-10,236.4,22.8
2026-02-11,235.6,20.0
2026-02-12,235.4,21.9
2026-02-13,238.0,21.6
2026-02-14,201.7,22.0
2026-02-15,202.0,20.7
2026-02-16,239.3,18.7
2026-02-17,237.5,21.8
2026-02-18,236.5,19.8
2026-02-19,234.0,20.5
2026-02-20,237.6,20.0
2026-02-21,200.5,18.5
2026-02-22,196.8,18.2
2026-02-23,238.4,20.9
2026-02-24,239.1,20.2
2026-02-25,232.6,17.5
2026-02-26,232.6,20.0
2026-02-27,234.6,20.5
2026-02-28,203.7,20.6
2026-03-01,201.2,18.2
2026-03-02,236.4,19.2
2026-03-03,235.2,18.5
2026-03-04,233.3,17.5
2026-03-05,234.9,18.4
2026-03-06,235.5,18.5
2026-03-07,200.1,19.1
2026-03-08,199.5,19.5
2026-03-09,236.0,16.0
2026-03-10,233.5,16.9
2026-03-11,232.6,16.4
2026-03-12,236.1,17.6
2026-03-13,237.1,16.5
2026-03-14,202.9,15.1
2026-03-15,199.3,18.0
2026-03-16,237.1,15.5
2026-03-17,237.5,16.6
2026-03-18,231.5,14.7
2026-03-19,234.2,16.0
2026-03-20,236.8,17.3
2026-03-21,201.4,17.8
2026-03-22,195.4,14.4
2026-03-23,237.6,16.4
2026-03-24,233.5,16.6
2026-03-25,231.6,13.9
2026-03-26,233.0,15.6
2026-03-27,234.3,13.9
2026-03-28,203.5,15.0
2026-03-29,198.3,12.9
2026-03-30,239.5,14.9
2026-03-31,233.4,12.6
2026-04-01,231.6,15.1
2026-04-02,233.1,13.1
2026-04-03,235.6,13.8
2026-04-04,198.5,14.4
2026-04-05,196.4,12.4
2026-04-06,238.3,11.8
2026-04-07,232.0,15.3
2026-04-08,230.3,13.1
2026-04-09,231.1,13.5
2026-04-10,232.8,13.6
2026-04-11,197.8,14.6
2026-04-12,197.7,12.0
2026-04-13,233.9,12.5
2026-04-14,235.2,12.1
2026-04-15,231.5,11.1
2026-04-16,230.5,10.1
2026-04-17,234.6,11.3
2026-04-18,198.9,10.7
2026-04-19,195.3,9.7
2026-04-20,236.2,9.6
2026-04-21,235.5,12.3
2026-04-22,232.0,12.3
2026-04-23,227.3,11.3
2026-04-24,232.2,10.7
2026-04-25,198.9,10.5
2026-04-26,194.5,10.8
2026-04-27,231.8,11.2
2026-04-28,229.7,11.0
